state,year,income_mean,income_median,income_year_used,income_data_age,poverty_absolute,poverty_hardcore,poverty_relative,poverty_year_used,poverty_data_age
johor,2016,6928,5652.0,2016,0,0.0,0.0,13.5,2016,0
johor,2017,6928,5652.0,2016,1,0.0,0.0,13.5,2016,1
johor,2018,6928,5652.0,2016,2,0.0,0.0,13.5,2016,2
johor,2019,8013,6427.0,2019,0,3.9,0.2,15.3,2019,0
johor,2020,7264,5690.0,2020,0,5.9,0.6,13.9,2020,0
johor,2021,7264,5690.0,2020,1,5.9,0.6,13.9,2020,1
johor,2022,8517,6879.0,2022,0,4.6,0.1,15.9,2022,0
kedah,2016,4971,3811.0,2016,0,0.2,0.0,15.9,2016,0
kedah,2017,4971,3811.0,2016,1,0.2,0.0,15.9,2016,1
kedah,2018,4971,3811.0,2016,2,0.2,0.0,15.9,2016,2
kedah,2019,5522,4325.0,2019,0,8.8,0.5,10.9,2019,0
kedah,2020,5005,3829.0,2020,0,12.7,1.5,10.0,2020,0
kedah,2021,5005,3829.0,2020,1,12.7,1.5,10.0,2020,1
kedah,2022,5550,4402.0,2022,0,9.0,0.3,11.9,2022,0
kelantan,2016,4214,3079.0,2016,0,0.4,0.1,12.1,2016,0
kelantan,2017,4214,3079.0,2016,1,0.4,0.1,12.1,2016,1
kelantan,2018,4214,3079.0,2016,2,0.4,0.1,12.1,2016,2
kelantan,2019,4874,3563.0,2019,0,12.4,1.0,9.9,2019,0
kelantan,2020,4411,3010.0,2020,0,21.2,4.1,11.4,2020,0
kelantan,2021,4411,3010.0,2020,1,21.2,4.1,11.4,2020,1
kelantan,2022,4885,3614.0,2022,0,13.2,0.8,12.2,2022,0
melaka,2016,6849,5588.0,2016,0,0.0,0.0,10.7,2016,0
melaka,2017,6849,5588.0,2016,1,0.0,0.0,10.7,2016,1
melaka,2018,6849,5588.0,2016,2,0.0,0.0,10.7,2016,2
melaka,2019,7741,6054.0,2019,0,3.9,0.3,17.0,2019,0
melaka,2020,7186,5447.0,2020,0,6.1,1.1,14.4,2020,0
melaka,2021,7186,5447.0,2020,1,6.1,1.1,14.4,2020,1
melaka,2022,8057,6210.0,2022,0,4.2,0.1,13.2,2022,0
negeri sembilan,2016,5887,4579.0,2016,0,0.2,0.0,15.5,2016,0
negeri sembilan,2017,5887,4579.0,2016,1,0.2,0.0,15.5,2016,1
negeri sembilan,2018,5887,4579.0,2016,2,0.2,0.0,15.5,2016,2
negeri sembilan,2019,6707,5005.0,2019,0,4.3,0.4,11.6,2019,0
negeri sembilan,2020,6184,4478.0,2020,0,6.5,1.2,10.5,2020,0
negeri sembilan,2021,6184,4478.0,2020,1,6.5,1.2,10.5,2020,1
negeri sembilan,2022,6788,5226.0,2022,0,4.4,0.1,13.3,2022,0
pahang,2016,5012,3979.0,2016,0,0.2,0.0,8.2,2016,0
pahang,2017,5012,3979.0,2016,1,0.2,0.0,8.2,2016,1
pahang,2018,5012,3979.0,2016,2,0.2,0.0,8.2,2016,2
pahang,2019,5667,4440.0,2019,0,4.3,0.1,6.0,2019,0
pahang,2020,5144,4033.0,2020,0,8.8,1.0,7.3,2020,0
pahang,2021,5144,4033.0,2020,1,8.8,1.0,7.3,2020,1
pahang,2022,5777,4753.0,2022,0,6.3,0.1,7.7,2022,0
perak,2016,5065,4006.0,2016,0,0.2,0.0,14.1,2016,0
perak,2017,5065,4006.0,2016,1,0.2,0.0,14.1,2016,1
perak,2018,5065,4006.0,2016,2,0.2,0.0,14.1,2016,2
perak,2019,5645,4273.0,2019,0,7.3,0.5,11.3,2019,0
perak,2020,5081,3759.0,2020,0,11.4,1.5,11.1,2020,0
perak,2021,5081,3759.0,2020,1,11.4,1.5,11.1,2020,1
perak,2022,5779,4494.0,2022,0,7.5,0.2,13.5,2022,0
perlis,2016,4998,4204.0,2016,0,0.1,0.0,12.0,2016,0
perlis,2017,4998,4204.0,2016,1,0.1,0.0,12.0,2016,1
perlis,2018,4998,4204.0,2016,2,0.1,0.0,12.0,2016,2
perlis,2019,5476,4594.0,2019,0,3.9,0.3,12.0,2019,0
perlis,2020,4971,4043.0,2020,0,9.9,1.4,14.3,2020,0
perlis,2021,4971,4043.0,2020,1,9.9,1.4,14.3,2020,1
perlis,2022,5664,4713.0,2022,0,4.0,0.1,12.6,2022,0
pulau pinang,2016,6771,5409.0,2016,0,0.1,0.0,6.6,2016,0
pulau pinang,2017,6771,5409.0,2016,1,0.1,0.0,6.6,2016,1
pulau pinang,2018,6771,5409.0,2016,2,0.1,0.0,6.6,2016,2
pulau pinang,2019,7774,6169.0,2019,0,1.9,0.1,13.2,2019,0
pulau pinang,2020,6850,5474.0,2020,0,3.3,0.3,12.2,2020,0
pulau pinang,2021,6850,5474.0,2020,1,3.3,0.3,12.2,2020,1
pulau pinang,2022,8267,6502.0,2022,0,2.0,0.1,15.3,2022,0
sabah,2016,5354,4110.0,2016,0,2.9,0.2,17.6,2016,0
sabah,2017,5354,4110.0,2016,1,2.9,0.2,17.6,2016,1
sabah,2018,5354,4110.0,2016,2,2.9,0.2,17.6,2016,2
sabah,2019,5745,4235.0,2019,0,19.5,1.5,14.7,2019,0
sabah,2020,5215,3773.0,2020,0,25.3,2.7,13.2,2020,0
sabah,2021,5215,3773.0,2020,1,25.3,2.7,13.2,2020,1
sabah,2022,6171,4577.0,2022,0,19.7,1.2,14.5,2022,0
sarawak,2016,5387,4163.0,2016,0,0.6,0.1,16.8,2016,0
sarawak,2017,5387,4163.0,2016,1,0.6,0.1,16.8,2016,1
sarawak,2018,5387,4163.0,2016,2,0.6,0.1,16.8,2016,2
sarawak,2019,5959,4544.0,2019,0,9.0,0.4,15.2,2019,0
sarawak,2020,5087,3831.0,2020,0,12.9,0.9,12.3,2020,0
sarawak,2021,5087,3831.0,2020,1,12.9,0.9,12.3,2020,1
sarawak,2022,6457,4978.0,2022,0,10.8,0.4,16.2,2022,0
selangor,2016,9463,7225.0,2016,0,0.0,0.0,10.7,2016,0
selangor,2017,9463,7225.0,2016,1,0.0,0.0,10.7,2016,1
selangor,2018,9463,7225.0,2016,2,0.0,0.0,10.7,2016,2
selangor,2019,10827,8210.0,2019,0,1.2,0.2,15.3,2019,0
selangor,2020,9668,7300.0,2020,0,1.7,0.3,13.9,2020,0
selangor,2021,9668,7300.0,2020,1,1.7,0.3,13.9,2020,1
selangor,2022,12233,9983.0,2022,0,1.5,0.0,14.2,2022,0
terengganu,2016,5776,4694.0,2016,0,0.4,0.0,10.2,2016,0
terengganu,2017,5776,4694.0,2016,1,0.4,0.0,10.2,2016,1
terengganu,2018,5776,4694.0,2016,2,0.4,0.0,10.2,2016,2
terengganu,2019,6815,5545.0,2019,0,6.1,0.3,8.2,2019,0
terengganu,2020,6051,4790.0,2020,0,12.0,1.1,10.7,2020,0
terengganu,2021,6051,4790.0,2020,1,12.0,1.1,10.7,2020,1
terengganu,2022,7248,5878.0,2022,0,6.2,0.2,6.9,2022,0
w.p. kuala lumpur,2016,11692,9073.0,2016,0,0.0,0.0,13.8,2016,0
w.p. kuala lumpur,2017,11692,9073.0,2016,1,0.0,0.0,13.8,2016,1
w.p. kuala lumpur,2018,11692,9073.0,2016,2,0.0,0.0,13.8,2016,2
w.p. kuala lumpur,2019,13257,10549.0,2019,0,0.2,0.0,10.6,2019,0
w.p. kuala lumpur,2020,11728,9093.0,2020,0,0.4,0.0,9.1,2020,0
w.p. kuala lumpur,2021,11728,9093.0,2020,1,0.4,0.0,9.1,2020,1
w.p. kuala lumpur,2022,13325,10234.0,2022,0,1.4,0.0,12.7,2022,0
w.p. labuan,2016,8174,5928.0,2016,0,0.0,0.0,11.6,2016,0
w.p. labuan,2017,8174,5928.0,2016,1,0.0,0.0,11.6,2016,1
w.p. labuan,2018,8174,5928.0,2016,2,0.0,0.0,11.6,2016,2
w.p. labuan,2019,8319,6726.0,2019,0,3.1,0.0,12.9,2019,0
w.p. labuan,2020,7333,6126.0,2020,0,5.2,0.1,11.8,2020,0
w.p. labuan,2021,7333,6126.0,2020,1,5.2,0.1,11.8,2020,1
w.p. labuan,2022,8250,6904.0,2022,0,2.5,0.0,7.0,2022,0
w.p. putrajaya,2016,11555,8275.0,2016,0,0.0,0.0,6.8,2016,0
w.p. putrajaya,2017,11555,8275.0,2016,1,0.0,0.0,6.8,2016,1
w.p. putrajaya,2018,11555,8275.0,2016,2,0.0,0.0,6.8,2016,2
w.p. putrajaya,2019,12840,9983.0,2019,0,0.4,0.0,12.1,2019,0
w.p. putrajaya,2020,12322,9743.0,2020,0,0.2,0.0,11.2,2020,0
w.p. putrajaya,2021,12322,9743.0,2020,1,0.2,0.0,11.2,2020,1
w.p. putrajaya,2022,13473,10056.0,2022,0,0.1,0.0,11.4,2022,0
